{"cameraMode":{"drawMode":0,"name":"Shaded","section":"Shading Mode"},"sceneLighting":true,"audioPlay":false,"sceneViewState":{"showFog":true,"showMaterialUpdate":false,"showSkybox":true,"showFlares":true,"showImageEffects":true,"showParticleSystems":true},"in2DMode":false,"pivot":{"x":-0.5358935594558716,"y":-0.5992918610572815,"z":-5.802674293518066},"rotation":{"x":-0.021305454894900323,"y":-0.017398398369550706,"z":0.0003711548924911767,"w":-0.9996405839920044},"size":2.46030592918396,"orthographic":false}