{"cameraMode":{"drawMode":0,"name":"Shaded","section":"Shading Mode"},"sceneLighting":true,"audioPlay":false,"sceneViewState":{"showFog":true,"showMaterialUpdate":false,"showSkybox":true,"showFlares":true,"showImageEffects":true,"showParticleSystems":true},"in2DMode":false,"pivot":{"x":-3.7501137256622316,"y":-4.430454730987549,"z":-0.22104310989379884},"rotation":{"x":-0.13014790415763856,"y":0.06597932428121567,"z":-0.008680317550897599,"w":-0.9892587661743164},"size":8.164823532104493,"orthographic":false}